CustomerID,Age,Gender,City,AnnualIncome,SpendingScore,PurchaseFrequency,Membership,PreferredCategory,LastPurchaseDate
CUST0001,58,Male,Mumbai,92097,32,15,Silver,Electronics,2025-07-20
CUST0002,65,Male,Jaipur,130604,5,2,Silver,Fashion,2025-10-16
CUST0003,56,Male,Ahmedabad,72124,92,42,Gold,Home,2026-03-11
CUST0004,46,Female,Mumbai,61853,90,28,Silver,Fashion,2026-03-13
CUST0005,39,Male,Delhi,119595,13,23,Gold,Beauty,2026-02-16
CUST0006,20,Female,Ahmedabad,52722,49,6,Gold,Books,2025-08-14
CUST0007,57,Female,Jaipur,70407,91,5,Silver,Fashion,2026-02-03
CUST0008,23,Male,Delhi,119647,36,30,Gold,Groceries,2026-04-09
CUST0009,41,Female,Hyderabad,195682,35,45,Platinum,Sports,2026-05-26
CUST0010,56,Male,Ahmedabad,84175,21,30,Silver,Sports,2025-07-14
CUST0011,53,Male,Nagpur,34663,30,53,Silver,Groceries,2025-12-08
CUST0012,35,Male,Hyderabad,168682,92,21,Silver,Home,2025-12-11
CUST0013,59,Female,Bengaluru,89436,18,16,Gold,Beauty,2026-02-17
CUST0014,65,Female,Jaipur,124700,47,15,Platinum,Fashion,2025-10-14
CUST0015,49,Male,Mumbai,48743,20,41,Silver,Sports,2025-11-27
CUST0016,56,Male,Chennai,120039,77,30,Gold,Beauty,2026-06-26
CUST0017,61,Male,Ahmedabad,89946,99,42,Silver,Groceries,2025-11-21
CUST0018,28,Female,Mumbai,89045,65,49,Silver,Electronics,2025-08-15
CUST0019,37,Male,Bengaluru,118019,98,11,Gold,Books,2025-10-03
CUST0020,18,Female,Kolkata,25105,15,60,Silver,Books,2026-01-25
CUST0021,33,Male,Hyderabad,168729,11,6,Gold,Books,2026-05-27
CUST0022,52,Male,Bengaluru,192949,61,36,Silver,Beauty,2025-08-25
CUST0023,45,Male,Ahmedabad,72730,92,20,Silver,Sports,2025-08-03
CUST0024,41,Female,Ahmedabad,138354,16,16,Silver,Groceries,2026-06-21
CUST0025,55,Male,Jaipur,77728,1,5,Gold,Electronics,2026-03-06
CUST0026,22,Male,Nagpur,38574,66,16,Silver,Home,2026-03-14
CUST0027,52,Male,Jaipur,171050,61,16,Gold,Books,2025-12-05
CUST0028,30,Male,Delhi,192748,56,23,Silver,Home,2026-06-04
CUST0029,61,Male,Mumbai,125544,94,22,Gold,Electronics,2026-02-24
CUST0030,30,Male,Ahmedabad,137601,18,28,Silver,Home,2026-02-24
CUST0031,22,Female,Ahmedabad,45666,7,42,Platinum,Books,2026-06-24
CUST0032,23,Male,Bengaluru,126539,63,31,Silver,Home,2026-06-01
CUST0033,28,Female,Mumbai,122346,34,60,Gold,Home,2026-02-05
CUST0034,45,Female,Bengaluru,69780,38,14,Platinum,Beauty,2025-09-27
CUST0035,21,Female,Mumbai,33144,75,31,Gold,Books,2025-10-03
CUST0036,28,Male,Ahmedabad,41000,24,5,Gold,Sports,2026-03-03
CUST0037,43,Male,Jaipur,84543,75,39,Silver,Electronics,2025-11-29
CUST0038,60,Female,Pune,73545,86,46,Silver,Groceries,2025-12-11
CUST0039,26,Female,Kolkata,102883,97,60,Silver,Home,2025-08-17
CUST0040,54,Male,Delhi,160937,28,33,Silver,Groceries,2026-05-27
CUST0041,33,Female,Pune,61352,57,54,Gold,Groceries,2025-08-22
CUST0042,59,Male,Ahmedabad,98480,85,7,Platinum,Fashion,2026-02-16
CUST0043,25,Male,Ahmedabad,60749,35,19,Gold,Sports,2026-01-07
CUST0044,31,Female,Ahmedabad,148065,33,58,Platinum,Electronics,2026-05-15
CUST0045,58,Female,Pune,31557,1,22,Gold,Sports,2026-02-17
CUST0046,28,Female,Ahmedabad,132115,72,1,Silver,Sports,2026-04-16
CUST0047,52,Male,Nagpur,172701,71,10,Silver,Electronics,2026-01-25
CUST0048,41,Male,Nagpur,75070,88,16,Gold,Groceries,2025-09-18
CUST0049,44,Male,Hyderabad,62598,23,57,Silver,Fashion,2026-01-12
CUST0050,44,Male,Pune,61732,90,7,Silver,Electronics,2025-11-03
CUST0051,32,Male,Kolkata,111660,40,53,Gold,Fashion,2026-03-09
CUST0052,19,Male,Chennai,106051,36,56,Silver,Books,2026-02-09
CUST0053,40,Female,Ahmedabad,106808,4,8,Platinum,Groceries,2026-04-01
CUST0054,55,Female,Mumbai,48417,77,28,Silver,Books,2026-01-22
CUST0055,45,Male,Chennai,171149,25,17,Silver,Home,2026-07-01
CUST0056,51,Male,Nagpur,133062,9,43,Platinum,Beauty,2026-01-22
CUST0057,60,Male,Pune,152939,40,43,Silver,Home,2025-07-10
CUST0058,36,Male,Hyderabad,130217,86,25,Gold,Fashion,2025-08-20
CUST0059,54,Female,Chennai,163638,1,20,Silver,Home,2025-09-08
CUST0060,56,Female,Kolkata,135811,57,44,Silver,Home,2026-04-06
CUST0061,60,Male,Pune,155122,85,41,Gold,Electronics,2026-03-03
CUST0062,61,Female,Hyderabad,72200,19,2,Silver,Home,2025-08-23
CUST0063,22,Female,Chennai,185089,74,13,Gold,Home,2025-10-21
CUST0064,43,Male,Bengaluru,191981,89,1,Platinum,Books,2026-05-08
CUST0065,45,Male,Bengaluru,155779,60,4,Gold,Books,2026-04-30
CUST0066,47,Male,Kolkata,195001,68,36,Gold,Books,2025-11-17
CUST0067,57,Female,Ahmedabad,136893,21,48,Platinum,Home,2026-02-19
CUST0068,33,Female,Ahmedabad,147034,81,16,Silver,Electronics,2025-07-01
CUST0069,36,Male,Pune,108040,41,58,Gold,Fashion,2026-04-15
CUST0070,32,Female,Bengaluru,76086,9,27,Silver,Beauty,2025-11-05
CUST0071,44,Male,Hyderabad,130138,50,58,Gold,Sports,2026-06-21
CUST0072,54,Female,Kolkata,21545,46,20,Gold,Books,2025-11-29
CUST0073,52,Male,Kolkata,77520,35,28,Silver,Home,2026-01-10
CUST0074,60,Female,Bengaluru,142523,17,40,Gold,Home,2025-09-01
CUST0075,54,Male,Delhi,188492,55,9,Platinum,Fashion,2026-06-06
CUST0076,34,Female,Nagpur,75485,59,21,Silver,Home,2026-02-09
CUST0077,44,Female,Delhi,143288,3,48,Gold,Groceries,2026-03-09
CUST0078,59,Male,Mumbai,28134,32,13,Gold,Beauty,2026-04-14
CUST0079,33,Male,Kolkata,195494,15,37,Platinum,Home,2025-07-08
CUST0080,34,Female,Bengaluru,178831,78,48,Gold,Books,2026-04-09
CUST0081,37,Male,Jaipur,26731,40,37,Gold,Home,2025-12-10
CUST0082,63,Male,Delhi,175214,89,54,Gold,Electronics,2025-07-10
CUST0083,37,Male,Jaipur,30766,45,35,Silver,Groceries,2026-05-27
CUST0084,50,Female,Mumbai,130115,63,7,Silver,Groceries,2025-08-10
CUST0085,47,Male,Chennai,66173,94,34,Platinum,Groceries,2025-08-20
CUST0086,52,Female,Kolkata,134183,94,38,Silver,Books,2026-02-26
CUST0087,23,Female,Kolkata,83927,97,30,Gold,Sports,2025-12-19
CUST0088,39,Male,Kolkata,105200,24,32,Silver,Books,2026-02-19
CUST0089,39,Female,Jaipur,92422,72,1,Gold,Fashion,2026-05-19
CUST0090,33,Female,Kolkata,165536,98,16,Gold,Sports,2025-07-02
CUST0091,49,Female,Mumbai,44393,38,15,Silver,Fashion,2026-01-26
CUST0092,60,Female,Kolkata,165089,68,23,Silver,Sports,2025-09-23
CUST0093,39,Female,Kolkata,91019,40,17,Silver,Sports,2026-03-25
CUST0094,38,Male,Ahmedabad,68535,25,14,Gold,Groceries,2025-09-03
CUST0095,51,Female,Delhi,70886,38,15,Silver,Groceries,2026-06-24
CUST0096,63,Male,Pune,31931,7,36,Silver,Fashion,2025-08-09
CUST0097,49,Male,Mumbai,170487,37,31,Silver,Groceries,2026-03-29
CUST0098,21,Female,Kolkata,49907,9,26,Silver,Beauty,2025-08-13
CUST0099,61,Male,Bengaluru,59111,73,20,Silver,Fashion,2026-05-02
CUST0100,53,Female,Jaipur,176271,80,15,Gold,Home,2025-11-13
CUST0101,46,Female,Jaipur,132415,40,37,Gold,Beauty,2026-05-12
CUST0102,31,Male,Pune,193127,11,11,Silver,Beauty,2026-05-24
CUST0103,28,Male,Chennai,138096,89,39,Silver,Electronics,2026-03-05
CUST0104,36,Female,Kolkata,38659,88,15,Platinum,Books,2025-08-15
CUST0105,55,Male,Chennai,50087,70,15,Gold,Groceries,2026-04-20
CUST0106,22,Male,Bengaluru,100638,77,48,Gold,Groceries,2025-11-19
CUST0107,25,Female,Pune,125515,35,33,Gold,Home,2026-05-21
CUST0108,56,Male,Chennai,104494,78,17,Silver,Fashion,2025-07-21
CUST0109,54,Male,Pune,171059,6,49,Gold,Home,2025-10-09
CUST0110,59,Female,Pune,67576,75,28,Gold,Home,2026-05-16
CUST0111,48,Female,Chennai,107374,42,43,Silver,Fashion,2026-01-14
CUST0112,44,Female,Pune,193692,52,53,Gold,Electronics,2025-11-11
CUST0113,23,Female,Pune,104744,15,50,Silver,Beauty,2026-07-01
CUST0114,60,Female,Chennai,34209,25,34,Silver,Books,2025-10-19
CUST0115,58,Female,Mumbai,73361,35,36,Silver,Groceries,2025-11-19
CUST0116,62,Female,Delhi,27567,81,39,Gold,Sports,2026-04-11
CUST0117,37,Male,Ahmedabad,126952,12,15,Platinum,Electronics,2025-11-07
CUST0118,25,Male,Kolkata,96509,66,46,Silver,Books,2025-10-27
CUST0119,48,Male,Kolkata,164510,19,25,Silver,Beauty,2025-10-14
CUST0120,65,Male,Delhi,92416,99,51,Platinum,Groceries,2025-10-15
CUST0121,35,Male,Pune,98264,76,38,Platinum,Home,2026-04-16
CUST0122,46,Female,Nagpur,107147,71,49,Gold,Home,2026-01-18
CUST0123,30,Male,Jaipur,120393,30,55,Gold,Electronics,2026-01-20
CUST0124,65,Female,Chennai,121208,85,51,Gold,Fashion,2025-10-21
CUST0125,20,Male,Ahmedabad,174712,43,56,Silver,Books,2025-11-18
CUST0126,24,Female,Mumbai,57789,53,56,Gold,Fashion,2026-05-24
CUST0127,48,Female,Nagpur,183383,89,26,Gold,Books,2026-01-14
CUST0128,61,Female,Nagpur,184311,92,57,Gold,Books,2025-09-27
CUST0129,20,Male,Hyderabad,185455,88,59,Silver,Fashion,2026-05-16
CUST0130,45,Male,Delhi,136307,22,45,Silver,Electronics,2026-06-08
CUST0131,38,Male,Pune,113969,48,28,Silver,Beauty,2025-12-03
CUST0132,54,Male,Bengaluru,65893,11,40,Platinum,Beauty,2025-07-17
CUST0133,33,Female,Jaipur,57517,30,30,Gold,Home,2026-02-21
CUST0134,60,Male,Kolkata,95400,87,35,Silver,Home,2026-01-06
CUST0135,55,Female,Chennai,85561,59,55,Silver,Home,2025-10-27
CUST0136,24,Male,Chennai,169926,46,37,Silver,Sports,2026-01-31
CUST0137,19,Female,Pune,22122,73,56,Gold,Sports,2026-06-06
CUST0138,56,Female,Pune,80324,78,52,Silver,Sports,2026-03-26
CUST0139,57,Female,Bengaluru,184691,13,58,Gold,Electronics,2026-01-24
CUST0140,46,Male,Jaipur,115646,94,9,Silver,Groceries,2026-01-15
CUST0141,65,Female,Bengaluru,72637,17,51,Gold,Groceries,2025-10-03
CUST0142,50,Female,Bengaluru,87363,62,52,Silver,Books,2026-01-09
CUST0143,25,Female,Delhi,56898,97,15,Platinum,Sports,2025-07-21
CUST0144,43,Female,Delhi,123435,2,17,Gold,Home,2025-12-25
CUST0145,61,Female,Jaipur,119883,82,24,Silver,Fashion,2025-11-02
CUST0146,19,Female,Jaipur,78030,83,5,Gold,Home,2025-07-08
CUST0147,37,Female,Delhi,56641,6,3,Silver,Home,2026-05-03
CUST0148,24,Male,Ahmedabad,55563,50,30,Silver,Sports,2025-07-10
CUST0149,52,Female,Jaipur,60507,54,42,Silver,Home,2025-08-20
CUST0150,44,Female,Mumbai,117132,28,29,Silver,Fashion,2025-12-28
CUST0151,24,Female,Ahmedabad,189037,46,4,Silver,Fashion,2026-04-30
CUST0152,47,Male,Hyderabad,188218,82,39,Platinum,Electronics,2026-01-12
CUST0153,33,Male,Jaipur,73793,9,54,Gold,Fashion,2025-09-04
CUST0154,31,Male,Nagpur,58680,77,1,Silver,Fashion,2026-04-26
CUST0155,52,Female,Bengaluru,48816,85,56,Silver,Electronics,2025-12-30
CUST0156,33,Female,Mumbai,65677,34,4,Silver,Home,2025-10-05
CUST0157,25,Male,Kolkata,137512,100,24,Gold,Electronics,2025-11-12
CUST0158,50,Male,Jaipur,31367,94,51,Platinum,Sports,2025-10-08
CUST0159,37,Female,Mumbai,35945,62,55,Silver,Sports,2026-05-07
CUST0160,49,Female,Delhi,41178,42,39,Silver,Fashion,2026-02-11
CUST0161,57,Female,Chennai,176602,68,19,Silver,Beauty,2025-11-23
CUST0162,24,Male,Ahmedabad,76367,56,29,Platinum,Home,2026-01-09
CUST0163,47,Female,Chennai,44926,41,28,Silver,Groceries,2025-12-22
CUST0164,27,Female,Delhi,43914,11,6,Silver,Sports,2025-12-23
CUST0165,26,Male,Jaipur,167216,72,22,Gold,Home,2026-01-01
CUST0166,60,Female,Mumbai,95400,77,20,Silver,Beauty,2025-10-15
CUST0167,31,Male,Kolkata,78784,14,23,Gold,Groceries,2026-05-04
CUST0168,35,Male,Chennai,167053,99,53,Gold,Sports,2025-08-06
CUST0169,53,Male,Jaipur,192446,89,18,Silver,Groceries,2025-07-07
CUST0170,37,Female,Nagpur,21600,24,56,Silver,Sports,2025-12-08
CUST0171,22,Male,Mumbai,44053,96,34,Silver,Home,2025-11-11
CUST0172,39,Male,Nagpur,101693,93,21,Gold,Beauty,2025-08-30
CUST0173,23,Male,Bengaluru,61264,97,40,Silver,Electronics,2026-02-12
CUST0174,46,Female,Kolkata,179141,57,27,Silver,Books,2025-10-12
CUST0175,25,Female,Chennai,49069,37,44,Gold,Home,2025-10-05
CUST0176,60,Female,Mumbai,77807,51,39,Silver,Fashion,2026-01-28
CUST0177,31,Male,Pune,95876,42,8,Silver,Sports,2025-11-23
CUST0178,29,Male,Chennai,159613,91,15,Gold,Books,2025-07-24
CUST0179,40,Male,Chennai,31089,56,2,Silver,Electronics,2026-01-22
CUST0180,54,Female,Jaipur,126017,91,41,Silver,Electronics,2025-12-06
CUST0181,19,Female,Bengaluru,182037,59,54,Gold,Groceries,2026-05-17
CUST0182,45,Male,Hyderabad,134209,76,26,Gold,Home,2026-01-24
CUST0183,65,Female,Hyderabad,107311,100,11,Silver,Sports,2026-05-04
CUST0184,51,Male,Nagpur,112038,94,53,Gold,Fashion,2026-03-03
CUST0185,24,Male,Pune,71713,23,39,Silver,Books,2025-07-31
CUST0186,22,Male,Kolkata,141622,97,37,Gold,Home,2025-07-18
CUST0187,54,Female,Nagpur,59572,57,5,Silver,Sports,2026-01-27
CUST0188,35,Male,Nagpur,152995,10,20,Silver,Electronics,2026-06-02
CUST0189,41,Female,Delhi,188995,12,40,Gold,Home,2025-11-07
CUST0190,55,Male,Kolkata,169856,84,13,Silver,Home,2025-10-18
CUST0191,27,Male,Kolkata,47132,44,46,Silver,Sports,2026-04-04
CUST0192,20,Male,Kolkata,135191,68,34,Gold,Groceries,2025-12-23
CUST0193,36,Female,Chennai,108700,87,39,Silver,Sports,2025-08-04
CUST0194,39,Male,Nagpur,44774,72,44,Silver,Groceries,2025-07-30
CUST0195,56,Male,Nagpur,41365,75,43,Silver,Groceries,2026-01-24
CUST0196,59,Female,Bengaluru,175986,91,6,Silver,Home,2025-08-06
CUST0197,39,Male,Ahmedabad,44498,83,43,Silver,Groceries,2026-06-22
CUST0198,41,Female,Bengaluru,76149,44,50,Silver,Fashion,2026-04-22
CUST0199,27,Male,Pune,46513,65,50,Gold,Sports,2025-10-05
CUST0200,20,Female,Jaipur,54353,77,25,Silver,Fashion,2025-07-12
CUST0201,57,Male,Kolkata,31453,53,24,Gold,Fashion,2025-11-16
CUST0202,57,Female,Kolkata,81342,69,16,Silver,Books,2025-11-03
CUST0203,30,Female,Jaipur,135499,60,50,Silver,Home,2025-10-17
CUST0204,51,Female,Bengaluru,72349,78,9,Platinum,Electronics,2025-08-07
CUST0205,48,Female,Ahmedabad,46893,92,55,Gold,Electronics,2026-02-06
CUST0206,23,Male,Pune,137786,66,10,Gold,Electronics,2026-03-10
CUST0207,46,Female,Mumbai,128762,7,26,Gold,Fashion,2025-12-16
CUST0208,23,Female,Hyderabad,27389,41,60,Silver,Sports,2025-08-03
CUST0209,39,Male,Bengaluru,30040,37,59,Gold,Sports,2026-04-21
CUST0210,63,Female,Kolkata,181309,1,58,Silver,Groceries,2026-03-13
CUST0211,27,Female,Delhi,95524,31,20,Silver,Fashion,2025-11-29
CUST0212,58,Female,Delhi,49060,64,39,Gold,Sports,2025-10-11
CUST0213,54,Male,Bengaluru,96355,55,1,Gold,Fashion,2025-09-12
CUST0214,44,Male,Delhi,157228,47,5,Platinum,Beauty,2025-10-15
CUST0215,50,Male,Chennai,143243,6,41,Silver,Groceries,2026-02-22
CUST0216,65,Male,Nagpur,37710,45,16,Gold,Sports,2026-05-09
CUST0217,55,Female,Bengaluru,31622,46,35,Silver,Sports,2026-04-03
CUST0218,61,Female,Kolkata,185605,24,52,Silver,Sports,2025-11-09
CUST0219,20,Female,Hyderabad,31483,26,57,Silver,Groceries,2025-10-11
CUST0220,43,Female,Pune,29599,97,42,Silver,Groceries,2026-06-07
CUST0221,59,Female,Pune,52630,48,28,Platinum,Sports,2025-11-18
CUST0222,42,Female,Bengaluru,150076,89,32,Silver,Books,2025-10-09
CUST0223,35,Male,Chennai,40690,56,39,Platinum,Fashion,2025-09-25
CUST0224,36,Female,Delhi,40989,42,43,Silver,Home,2025-08-27
CUST0225,63,Female,Bengaluru,136367,45,29,Silver,Books,2026-01-02
CUST0226,57,Female,Pune,187633,8,5,Gold,Home,2025-12-27
CUST0227,50,Male,Mumbai,57428,78,44,Gold,Electronics,2026-04-28
CUST0228,22,Male,Nagpur,114935,50,37,Silver,Fashion,2025-07-19
CUST0229,46,Female,Nagpur,136376,98,5,Gold,Beauty,2025-12-26
CUST0230,43,Female,Pune,85434,15,2,Gold,Home,2025-10-09
CUST0231,42,Male,Pune,88233,91,29,Silver,Beauty,2026-02-05
CUST0232,62,Female,Hyderabad,52148,18,55,Silver,Fashion,2025-07-01
CUST0233,46,Male,Nagpur,195070,45,46,Silver,Beauty,2026-02-03
CUST0234,37,Male,Bengaluru,114763,66,15,Silver,Fashion,2026-04-21
CUST0235,33,Female,Mumbai,114606,71,37,Silver,Books,2025-09-22
CUST0236,26,Male,Delhi,101078,51,46,Gold,Beauty,2025-12-03
CUST0237,44,Male,Bengaluru,103106,83,5,Silver,Sports,2025-10-10
CUST0238,40,Male,Ahmedabad,187718,76,12,Gold,Fashion,2025-11-22
CUST0239,50,Male,Delhi,155817,20,20,Silver,Groceries,2025-07-03
CUST0240,32,Female,Ahmedabad,94461,11,17,Silver,Beauty,2026-02-11
CUST0241,26,Female,Jaipur,159848,12,33,Gold,Beauty,2025-09-07
CUST0242,27,Male,Jaipur,178633,44,54,Platinum,Electronics,2026-06-17
CUST0243,23,Male,Jaipur,89377,84,14,Gold,Home,2025-08-19
CUST0244,58,Male,Kolkata,184407,70,19,Gold,Groceries,2025-10-27
CUST0245,33,Female,Pune,138893,10,45,Silver,Home,2025-12-01
CUST0246,48,Female,Hyderabad,109179,78,10,Silver,Sports,2026-01-19
CUST0247,64,Female,Chennai,54279,98,24,Gold,Electronics,2026-01-19
CUST0248,33,Female,Delhi,90116,58,16,Silver,Electronics,2026-02-03
CUST0249,42,Female,Hyderabad,61864,42,60,Gold,Groceries,2026-03-26
CUST0250,28,Female,Ahmedabad,142372,64,57,Silver,Electronics,2026-05-16
CUST0251,43,Female,Hyderabad,76398,75,23,Silver,Groceries,2025-10-21
CUST0252,56,Female,Pune,160690,2,55,Silver,Fashion,2026-02-16
CUST0253,64,Female,Chennai,115928,6,26,Silver,Beauty,2026-03-24
CUST0254,41,Female,Delhi,121279,65,29,Gold,Groceries,2025-08-16
CUST0255,61,Male,Bengaluru,45344,51,24,Gold,Groceries,2025-09-19
CUST0256,41,Male,Hyderabad,177932,66,26,Gold,Electronics,2026-06-12
CUST0257,26,Female,Kolkata,156139,59,10,Gold,Beauty,2026-04-21
CUST0258,38,Female,Bengaluru,123010,79,48,Gold,Beauty,2026-01-10
CUST0259,50,Female,Jaipur,98588,61,53,Silver,Groceries,2025-07-22
CUST0260,25,Female,Jaipur,100655,93,56,Gold,Electronics,2025-08-30
CUST0261,48,Female,Jaipur,171423,30,47,Silver,Home,2026-04-05
CUST0262,51,Female,Bengaluru,198448,32,3,Gold,Sports,2026-05-06
CUST0263,30,Male,Kolkata,102232,54,10,Silver,Fashion,2025-12-03
CUST0264,50,Female,Mumbai,56197,67,14,Gold,Sports,2025-10-30
CUST0265,51,Female,Nagpur,65398,59,59,Gold,Beauty,2026-01-01
CUST0266,61,Female,Jaipur,146924,25,16,Silver,Groceries,2026-03-08
CUST0267,37,Female,Hyderabad,148189,41,31,Silver,Books,2026-02-11
CUST0268,36,Male,Jaipur,197372,70,25,Platinum,Home,2026-01-06
CUST0269,27,Female,Mumbai,95400,92,6,Silver,Home,2025-07-31
CUST0270,34,Female,Hyderabad,72970,69,18,Platinum,Sports,2026-02-12
CUST0271,26,Male,Jaipur,173834,31,16,Silver,Beauty,2026-03-08
CUST0272,58,Male,Mumbai,46266,53,22,Gold,Electronics,2025-07-18
CUST0273,26,Male,Ahmedabad,61403,53,42,Platinum,Home,2025-10-30
CUST0274,59,Male,Pune,104192,37,42,Silver,Books,2026-05-17
CUST0275,59,Male,Ahmedabad,29777,23,27,Platinum,Fashion,2026-06-13
CUST0276,43,Female,Bengaluru,95882,5,1,Silver,Beauty,2026-05-08
CUST0277,39,Female,Kolkata,188116,70,34,Silver,Fashion,2025-10-16
CUST0278,47,Female,Hyderabad,49529,43,11,Gold,Sports,2026-02-20
CUST0279,63,Male,Mumbai,108371,38,37,Gold,Fashion,2026-04-03
CUST0280,57,Female,Chennai,155077,42,6,Silver,Electronics,2026-03-29
CUST0281,26,Female,Nagpur,85024,1,17,Silver,Home,2026-02-15
CUST0282,39,Female,Jaipur,170176,2,17,Gold,Sports,2026-03-03
CUST0283,21,Male,Kolkata,100427,21,26,Gold,Sports,2026-01-23
CUST0284,62,Male,Pune,116349,79,15,Silver,Fashion,2025-10-30
CUST0285,27,Female,Jaipur,117943,54,45,Gold,Home,2025-09-29
CUST0286,60,Male,Hyderabad,198347,97,39,Platinum,Electronics,2025-10-05
CUST0287,46,Female,Delhi,167893,15,4,Gold,Beauty,2026-03-20
CUST0288,54,Male,Bengaluru,106014,67,29,Silver,Fashion,2025-09-06
CUST0289,49,Male,Ahmedabad,136780,8,30,Silver,Home,2025-11-10
CUST0290,54,Male,Ahmedabad,141209,87,52,Silver,Electronics,2025-12-11
CUST0291,34,Male,Hyderabad,171600,10,3,Silver,Sports,2026-05-30
CUST0292,52,Male,Delhi,143750,5,19,Silver,Books,2026-04-23
CUST0293,59,Female,Nagpur,120264,58,56,Platinum,Home,2025-12-21
CUST0294,23,Male,Nagpur,51098,23,35,Silver,Fashion,2026-03-09
CUST0295,18,Male,Pune,141373,87,47,Gold,Beauty,2025-12-19
CUST0296,32,Male,Kolkata,110743,20,18,Silver,Sports,2026-05-05
CUST0297,20,Female,Jaipur,24101,31,14,Silver,Beauty,2026-06-14
CUST0298,46,Male,Hyderabad,31596,52,29,Silver,Fashion,2026-06-03
CUST0299,26,Female,Hyderabad,171023,41,37,Gold,Sports,2026-01-18
CUST0300,33,Female,Bengaluru,193070,67,15,Silver,Groceries,2026-05-31
CUST0301,53,Male,Chennai,165712,64,4,Platinum,Sports,2025-07-23
CUST0302,42,Female,Chennai,127022,20,20,Silver,Books,2025-09-29
CUST0303,48,Male,Hyderabad,98836,91,10,Gold,Electronics,2025-09-17
CUST0304,44,Female,Ahmedabad,158934,18,25,Silver,Fashion,2026-01-13
CUST0305,59,Male,Kolkata,117275,12,35,Gold,Fashion,2026-06-05
CUST0306,35,Female,Jaipur,178052,6,56,Silver,Books,2025-09-04
CUST0307,64,Male,Kolkata,74759,43,20,Platinum,Electronics,2026-03-15
CUST0308,30,Male,Kolkata,83594,90,39,Gold,Home,2026-03-01
CUST0309,53,Female,Pune,119788,60,35,Gold,Groceries,2026-02-18
CUST0310,41,Female,Kolkata,45849,93,31,Gold,Groceries,2026-03-19
CUST0311,41,Female,Chennai,31984,73,56,Silver,Fashion,2026-06-23
CUST0312,34,Female,Pune,59953,26,22,Silver,Beauty,2026-02-26
CUST0313,49,Female,Pune,148089,93,42,Gold,Home,2026-04-06
CUST0314,64,Female,Bengaluru,56689,93,35,Silver,Beauty,2025-08-07
CUST0315,21,Male,Delhi,195168,7,49,Silver,Fashion,2025-08-13
CUST0316,32,Male,Bengaluru,22396,28,33,Silver,Electronics,2025-08-19
CUST0317,58,Female,Kolkata,24123,1,35,Gold,Electronics,2026-06-23
CUST0318,51,Female,Ahmedabad,95153,3,33,Gold,Sports,2025-11-23
CUST0319,29,Male,Delhi,157464,20,16,Silver,Beauty,2026-02-22
CUST0320,40,Female,Chennai,40714,48,26,Silver,Fashion,2025-07-10
CUST0321,32,Female,Delhi,191372,84,49,Silver,Home,2025-12-19
CUST0322,42,Female,Mumbai,186919,2,45,Silver,Home,2025-11-21
CUST0323,59,Female,Jaipur,44998,68,59,Silver,Fashion,2025-07-12
CUST0324,54,Female,Pune,32205,10,44,Platinum,Beauty,2025-09-16
CUST0325,60,Male,Bengaluru,102440,3,14,Gold,Books,2025-07-02
CUST0326,43,Male,Pune,62585,73,16,Gold,Books,2025-12-14
CUST0327,61,Female,Chennai,56687,89,47,Silver,Sports,2026-01-05
CUST0328,21,Male,Chennai,80855,10,22,Gold,Beauty,2025-08-31
CUST0329,43,Female,Mumbai,186231,35,51,Platinum,Home,2026-03-07
CUST0330,40,Female,Chennai,68690,88,38,Gold,Electronics,2025-08-19
CUST0331,36,Male,Delhi,41505,35,10,Silver,Books,2025-08-11
CUST0332,27,Female,Nagpur,114555,14,6,Silver,Groceries,2025-11-16
CUST0333,41,Female,Delhi,54735,12,12,Silver,Beauty,2025-09-20
CUST0334,50,Female,Delhi,26884,12,23,Gold,Beauty,2025-08-29
CUST0335,38,Female,Mumbai,96506,53,25,Gold,Sports,2025-09-18
CUST0336,33,Male,Chennai,64433,18,18,Silver,Home,2026-04-18
CUST0337,22,Male,Chennai,92341,54,20,Silver,Electronics,2025-12-29
CUST0338,34,Male,Kolkata,175662,79,13,Silver,Fashion,2026-01-27
CUST0339,18,Female,Nagpur,182579,49,52,Platinum,Home,2026-01-11
CUST0340,45,Male,Pune,104060,78,45,Silver,Groceries,2026-04-02
CUST0341,43,Female,Pune,185911,63,37,Gold,Groceries,2025-12-21
CUST0342,35,Female,Nagpur,49855,73,13,Gold,Beauty,2026-03-31
CUST0343,61,Male,Kolkata,74958,57,52,Silver,Sports,2026-05-27
CUST0344,44,Female,Bengaluru,186025,39,16,Silver,Fashion,2025-11-27
CUST0345,42,Male,Kolkata,176744,62,38,Silver,Beauty,2025-07-12
CUST0346,44,Male,Nagpur,160746,77,41,Platinum,Electronics,2026-02-24
CUST0347,60,Female,Bengaluru,189607,79,3,Gold,Sports,2025-07-20
CUST0348,59,Female,Nagpur,132841,14,1,Silver,Fashion,2025-10-13
CUST0349,65,Male,Kolkata,118073,51,30,Gold,Beauty,2025-07-13
CUST0350,50,Male,Nagpur,26438,62,7,Silver,Electronics,2026-05-03
CUST0351,64,Male,Nagpur,101760,44,30,Gold,Beauty,2025-10-27
CUST0352,40,Female,Delhi,134862,93,45,Silver,Electronics,2026-01-29
CUST0353,20,Male,Mumbai,109935,83,7,Gold,Fashion,2026-02-27
CUST0354,51,Male,Ahmedabad,61978,43,36,Silver,Home,2026-03-05
CUST0355,43,Male,Bengaluru,187897,85,28,Silver,Sports,2025-08-21
CUST0356,30,Female,Jaipur,132604,50,1,Gold,Fashion,2026-02-09
CUST0357,63,Male,Jaipur,46673,69,12,Silver,Fashion,2025-11-09
CUST0358,25,Female,Kolkata,158337,82,21,Gold,Beauty,2025-12-13
CUST0359,55,Male,Nagpur,112270,59,40,Silver,Sports,2025-07-05
CUST0360,37,Male,Bengaluru,102099,16,16,Silver,Fashion,2025-12-22
CUST0361,62,Male,Ahmedabad,121833,54,39,Silver,Home,2025-11-27
CUST0362,29,Female,Ahmedabad,189151,23,36,Silver,Groceries,2026-04-21
CUST0363,29,Female,Kolkata,182374,7,56,Silver,Electronics,2025-10-26
CUST0364,26,Male,Chennai,167215,65,42,Silver,Sports,2025-10-23
CUST0365,44,Female,Kolkata,63844,11,37,Silver,Books,2026-03-11
CUST0366,36,Male,Pune,78941,69,19,Silver,Home,2025-09-15
CUST0367,65,Female,Ahmedabad,153904,15,37,Silver,Books,2025-09-26
CUST0368,41,Male,Kolkata,163223,28,28,Silver,Books,2025-08-01
CUST0369,33,Female,Mumbai,137894,34,23,Platinum,Electronics,2025-11-19
CUST0370,25,Male,Hyderabad,174120,89,23,Platinum,Beauty,2025-08-12
CUST0371,45,Male,Jaipur,56499,27,53,Silver,Electronics,2025-09-13
CUST0372,40,Female,Jaipur,161234,22,21,Platinum,Groceries,2026-02-03
CUST0373,54,Female,Ahmedabad,198074,13,9,Platinum,Books,2025-12-03
CUST0374,21,Female,Bengaluru,54784,32,10,Gold,Books,2026-02-25
CUST0375,61,Female,Kolkata,57269,74,41,Silver,Home,2025-12-21
CUST0376,46,Male,Delhi,125604,66,48,Silver,Groceries,2025-11-11
CUST0377,49,Female,Jaipur,20648,100,55,Gold,Sports,2025-11-09
CUST0378,58,Female,Delhi,160096,51,14,Platinum,Books,2026-03-15
CUST0379,49,Female,Nagpur,94342,44,36,Gold,Beauty,2025-10-26
CUST0380,39,Male,Mumbai,46102,81,51,Gold,Electronics,2026-04-29
CUST0381,28,Female,Kolkata,20177,55,13,Platinum,Fashion,2025-08-03
CUST0382,37,Male,Pune,44468,84,24,Silver,Groceries,2025-07-26
CUST0383,59,Male,Mumbai,123898,81,20,Gold,Books,2026-03-04
CUST0384,45,Male,Delhi,20284,28,31,Silver,Beauty,2026-03-08
CUST0385,51,Female,Mumbai,22113,90,22,Gold,Books,2025-11-27
CUST0386,62,Male,Kolkata,38567,30,25,Silver,Books,2026-05-10
CUST0387,24,Female,Nagpur,98447,18,25,Gold,Books,2026-04-24
CUST0388,59,Male,Delhi,159069,73,1,Gold,Fashion,2025-11-18
CUST0389,40,Male,Bengaluru,127927,79,44,Silver,Fashion,2026-05-18
CUST0390,24,Male,Delhi,174553,94,25,Silver,Home,2026-01-21
CUST0391,26,Male,Pune,188983,11,16,Gold,Beauty,2025-08-24
CUST0392,36,Male,Pune,73856,67,39,Gold,Sports,2025-12-13
CUST0393,36,Male,Hyderabad,149731,50,8,Silver,Sports,2025-08-31
CUST0394,22,Male,Nagpur,102961,17,25,Platinum,Beauty,2025-11-28
CUST0395,41,Male,Kolkata,39134,3,38,Silver,Groceries,2026-03-13
CUST0396,20,Male,Chennai,152804,37,41,Gold,Books,2025-12-01
CUST0397,45,Female,Delhi,187913,69,35,Gold,Groceries,2026-05-20
CUST0398,37,Male,Ahmedabad,73267,20,35,Silver,Beauty,2025-08-11
CUST0399,59,Male,Pune,134684,94,55,Silver,Fashion,2026-05-18
CUST0400,45,Male,Kolkata,180509,78,4,Silver,Sports,2025-07-30
CUST0401,65,Male,Delhi,23320,91,9,Gold,Fashion,2025-10-20
CUST0402,40,Female,Bengaluru,117483,17,48,Gold,Groceries,2026-05-02
CUST0403,19,Female,Chennai,91298,68,5,Silver,Beauty,2025-08-14
CUST0404,22,Female,Kolkata,153898,47,4,Silver,Beauty,2026-04-07
CUST0405,41,Male,Pune,46975,74,44,Gold,Fashion,2025-10-14
CUST0406,18,Male,Mumbai,84107,6,31,Silver,Fashion,2026-04-01
CUST0407,20,Female,Hyderabad,104358,32,27,Platinum,Groceries,2026-02-13
CUST0408,22,Female,Delhi,151607,87,58,Silver,Fashion,2025-10-10
CUST0409,20,Female,Delhi,141921,37,50,Gold,Groceries,2026-05-18
CUST0410,53,Female,Mumbai,116709,26,19,Gold,Groceries,2025-08-17
CUST0411,33,Female,Nagpur,175108,64,50,Gold,Sports,2025-09-25
CUST0412,33,Male,Mumbai,127488,4,15,Gold,Sports,2025-07-11
CUST0413,18,Female,Mumbai,192308,49,55,Gold,Groceries,2026-05-09
CUST0414,31,Male,Chennai,148982,8,10,Gold,Electronics,2026-06-09
CUST0415,32,Female,Nagpur,140182,96,6,Gold,Beauty,2026-04-24
CUST0416,58,Female,Delhi,175161,73,4,Silver,Fashion,2026-03-02
CUST0417,36,Female,Nagpur,123010,90,54,Gold,Groceries,2025-11-12
CUST0418,35,Male,Delhi,73139,18,50,Gold,Electronics,2026-04-13
CUST0419,24,Male,Kolkata,142173,41,27,Silver,Groceries,2026-03-17
CUST0420,46,Female,Kolkata,89470,16,6,Silver,Sports,2026-01-27
CUST0421,63,Male,Hyderabad,105929,19,6,Gold,Groceries,2025-12-11
CUST0422,50,Male,Pune,88201,23,2,Platinum,Books,2025-11-12
CUST0423,53,Male,Delhi,141121,14,52,Gold,Electronics,2026-06-25
CUST0424,21,Male,Bengaluru,71939,52,24,Gold,Sports,2026-05-19
CUST0425,55,Female,Delhi,25714,9,13,Platinum,Home,2026-04-27
CUST0426,23,Female,Delhi,31192,60,4,Silver,Beauty,2025-11-22
CUST0427,64,Female,Kolkata,27728,49,44,Silver,Groceries,2026-03-14
CUST0428,29,Female,Pune,136919,20,3,Gold,Beauty,2026-02-26
CUST0429,59,Female,Kolkata,128001,71,31,Silver,Groceries,2025-12-17
CUST0430,26,Female,Hyderabad,188467,68,16,Gold,Books,2025-09-26
CUST0431,19,Female,Nagpur,145746,70,51,Silver,Beauty,2025-10-17
CUST0432,38,Female,Pune,67137,4,21,Gold,Electronics,2026-02-08
CUST0433,21,Female,Ahmedabad,113698,99,38,Platinum,Fashion,2026-05-11
CUST0434,33,Male,Pune,159903,95,4,Gold,Fashion,2025-09-10
CUST0435,42,Female,Bengaluru,66163,31,38,Silver,Sports,2025-07-09
CUST0436,40,Male,Nagpur,168806,73,10,Gold,Fashion,2025-10-22
CUST0437,52,Female,Bengaluru,148564,5,6,Silver,Beauty,2026-03-11
CUST0438,19,Female,Mumbai,106962,79,13,Gold,Groceries,2026-04-02
CUST0439,38,Male,Mumbai,58721,76,46,Platinum,Books,2026-05-06
CUST0440,51,Female,Delhi,117934,91,43,Silver,Electronics,2026-01-10
CUST0441,37,Female,Bengaluru,61288,94,28,Gold,Home,2025-08-03
CUST0442,38,Male,Ahmedabad,180880,46,15,Gold,Books,2026-04-03
CUST0443,42,Female,Pune,53383,23,47,Silver,Sports,2025-09-11
CUST0444,43,Male,Bengaluru,177912,41,59,Gold,Beauty,2026-03-10
CUST0445,58,Male,Kolkata,56868,43,48,Silver,Groceries,2026-01-19
CUST0446,28,Male,Nagpur,137081,2,17,Silver,Sports,2026-05-28
CUST0447,40,Female,Delhi,20335,7,25,Silver,Home,2026-04-07
CUST0448,44,Female,Chennai,112073,70,25,Silver,Home,2025-09-09
CUST0449,59,Male,Bengaluru,138302,10,52,Gold,Groceries,2026-06-21
CUST0450,38,Female,Delhi,39451,44,11,Platinum,Fashion,2026-05-24
CUST0451,53,Male,Nagpur,175721,79,58,Silver,Electronics,2025-11-23
CUST0452,59,Male,Jaipur,133823,21,4,Silver,Fashion,2026-03-26
CUST0453,44,Female,Pune,97961,31,7,Silver,Beauty,2025-09-23
CUST0454,49,Male,Mumbai,114589,1,28,Silver,Books,2025-07-28
CUST0455,58,Female,Hyderabad,45424,4,14,Silver,Groceries,2026-05-21
CUST0456,48,Male,Pune,124193,61,32,Platinum,Groceries,2026-05-16
CUST0457,59,Female,Bengaluru,117260,49,24,Silver,Electronics,2026-02-17
CUST0458,46,Female,Pune,79308,35,37,Silver,Books,2025-07-10
CUST0459,60,Male,Delhi,195149,45,52,Gold,Books,2025-09-03
CUST0460,32,Male,Chennai,156991,54,35,Gold,Home,2025-09-11
CUST0461,33,Female,Pune,40697,51,58,Platinum,Electronics,2025-10-17
CUST0462,54,Male,Delhi,137713,23,11,Platinum,Books,2026-03-25
CUST0463,26,Male,Chennai,40543,88,28,Silver,Books,2025-08-14
CUST0464,27,Female,Nagpur,37566,12,25,Gold,Beauty,2026-01-16
CUST0465,35,Female,Mumbai,183330,76,34,Gold,Electronics,2025-12-01
CUST0466,27,Male,Jaipur,174123,75,49,Platinum,Electronics,2026-05-08
CUST0467,54,Male,Pune,160413,45,57,Silver,Home,2025-07-31
CUST0468,49,Female,Mumbai,65141,36,26,Silver,Beauty,2025-07-18
CUST0469,62,Female,Mumbai,123754,43,45,Silver,Sports,2025-10-31
CUST0470,35,Female,Mumbai,108569,39,20,Silver,Home,2025-07-10
CUST0471,61,Male,Hyderabad,55228,39,48,Silver,Books,2026-01-18
CUST0472,35,Female,Jaipur,189228,12,13,Silver,Books,2025-12-05
CUST0473,65,Female,Ahmedabad,118018,8,33,Gold,Electronics,2026-01-23
CUST0474,63,Female,Bengaluru,157438,73,2,Silver,Books,2026-03-21
CUST0475,21,Male,Mumbai,139655,7,59,Silver,Fashion,2026-02-11
CUST0476,41,Female,Ahmedabad,124056,82,60,Silver,Electronics,2026-02-28
CUST0477,41,Female,Jaipur,136943,23,56,Silver,Beauty,2026-01-03
CUST0478,40,Male,Pune,43695,37,2,Silver,Fashion,2025-09-12
CUST0479,31,Male,Hyderabad,197653,27,18,Gold,Beauty,2026-06-21
CUST0480,61,Male,Kolkata,54685,83,12,Gold,Electronics,2026-03-09
CUST0481,34,Female,Pune,131098,49,55,Silver,Groceries,2026-03-12
CUST0482,47,Female,Ahmedabad,183474,51,38,Silver,Beauty,2025-07-27
CUST0483,41,Female,Pune,199414,14,31,Silver,Groceries,2025-08-08
CUST0484,38,Female,Pune,191997,92,58,Gold,Fashion,2026-04-16
CUST0485,51,Male,Mumbai,177295,52,43,Silver,Fashion,2026-06-18
CUST0486,59,Female,Pune,88007,54,26,Silver,Electronics,2025-09-06
CUST0487,63,Male,Nagpur,78291,88,35,Gold,Home,2025-07-23
CUST0488,40,Female,Bengaluru,192389,72,12,Silver,Home,2026-04-27
CUST0489,65,Female,Ahmedabad,67990,88,58,Silver,Electronics,2026-03-10
CUST0490,40,Male,Pune,130224,43,24,Silver,Groceries,2025-11-06
CUST0491,25,Female,Mumbai,186303,75,38,Platinum,Electronics,2025-11-02
CUST0492,30,Male,Chennai,158893,39,27,Silver,Books,2026-04-15
CUST0493,26,Male,Nagpur,127267,73,58,Platinum,Home,2026-04-19
CUST0494,38,Male,Delhi,147816,43,41,Platinum,Groceries,2025-08-11
CUST0495,21,Male,Kolkata,91703,27,49,Gold,Beauty,2026-04-11
CUST0496,49,Male,Bengaluru,181082,56,41,Silver,Home,2025-10-30
CUST0497,42,Male,Mumbai,159927,26,47,Silver,Electronics,2026-01-18
CUST0498,51,Male,Mumbai,197405,1,41,Gold,Fashion,2025-07-11
CUST0499,40,Female,Bengaluru,46924,50,33,Gold,Fashion,2026-05-29
CUST0500,20,Female,Pune,139518,94,34,Gold,Groceries,2025-11-21
CUST0501,61,Male,Nagpur,148497,46,49,Silver,Books,2025-12-07
CUST0502,19,Male,Hyderabad,54394,28,47,Silver,Beauty,2026-04-06
CUST0503,25,Female,Mumbai,118354,82,17,Gold,Beauty,2026-06-07
CUST0504,56,Male,Delhi,191328,3,4,Gold,Home,2025-11-16
CUST0505,42,Male,Ahmedabad,86253,61,45,Silver,Sports,2025-07-15
CUST0506,58,Male,Pune,130328,85,7,Gold,Groceries,2025-08-17
CUST0507,56,Male,Chennai,47502,66,47,Gold,Groceries,2026-05-04
CUST0508,24,Female,Hyderabad,179646,26,50,Silver,Beauty,2026-03-20
CUST0509,40,Female,Pune,62040,6,36,Silver,Fashion,2025-07-14
CUST0510,48,Female,Hyderabad,20717,2,43,Silver,Electronics,2025-09-11
CUST0511,60,Female,Bengaluru,43614,100,33,Silver,Sports,2026-05-11
CUST0512,34,Male,Kolkata,97600,34,30,Silver,Books,2026-04-03
CUST0513,20,Female,Nagpur,197410,41,28,Gold,Electronics,2026-06-08
CUST0514,18,Male,Bengaluru,106156,46,58,Silver,Beauty,2026-02-14
CUST0515,64,Male,Nagpur,109842,24,8,Silver,Home,2026-02-12
CUST0516,42,Female,Chennai,190091,22,8,Silver,Sports,2026-06-01
CUST0517,28,Male,Chennai,174861,62,52,Gold,Home,2026-03-31
CUST0518,57,Female,Nagpur,180263,4,56,Gold,Books,2026-04-26
CUST0519,48,Female,Delhi,127815,57,3,Silver,Sports,2026-01-22
CUST0520,18,Male,Nagpur,156078,67,45,Gold,Electronics,2025-11-22
CUST0521,60,Male,Kolkata,110636,85,44,Gold,Fashion,2025-09-19
CUST0522,57,Male,Mumbai,188663,21,33,Gold,Books,2025-10-21
CUST0523,28,Male,Kolkata,104052,31,22,Platinum,Electronics,2025-10-15
CUST0524,32,Female,Chennai,81603,11,30,Silver,Beauty,2025-11-14
CUST0525,23,Female,Kolkata,102853,16,32,Gold,Electronics,2026-05-10
CUST0526,43,Female,Mumbai,166048,71,1,Gold,Books,2025-08-26
CUST0527,57,Female,Ahmedabad,167412,27,42,Gold,Groceries,2025-12-27
CUST0528,21,Male,Kolkata,107024,72,50,Gold,Home,2025-07-30
CUST0529,41,Female,Delhi,45542,98,43,Silver,Groceries,2026-01-01
CUST0530,58,Female,Ahmedabad,156835,48,45,Silver,Fashion,2025-10-22
CUST0531,26,Female,Delhi,86660,79,13,Silver,Books,2025-12-12
CUST0532,31,Female,Hyderabad,108587,14,49,Silver,Sports,2025-07-22
CUST0533,55,Male,Kolkata,139901,85,38,Platinum,Fashion,2025-10-19
CUST0534,18,Male,Ahmedabad,133458,75,31,Platinum,Books,2026-04-02
CUST0535,62,Male,Bengaluru,47146,50,43,Gold,Groceries,2025-10-16
CUST0536,42,Female,Jaipur,85074,36,26,Platinum,Groceries,2025-11-12
CUST0537,26,Male,Chennai,177948,90,57,Gold,Groceries,2025-07-07
CUST0538,53,Female,Ahmedabad,185827,28,13,Silver,Sports,2026-02-03
CUST0539,61,Female,Bengaluru,190416,23,33,Gold,Sports,2026-01-17
CUST0540,63,Male,Nagpur,167398,62,38,Gold,Sports,2025-07-03
CUST0541,44,Female,Chennai,23347,67,7,Silver,Fashion,2026-06-04
CUST0542,60,Male,Hyderabad,89986,97,51,Silver,Groceries,2025-07-17
CUST0543,34,Male,Mumbai,97369,27,49,Gold,Groceries,2025-11-12
CUST0544,24,Male,Ahmedabad,121944,31,33,Gold,Books,2025-07-10
CUST0545,36,Male,Chennai,121595,54,51,Platinum,Groceries,2025-09-22
CUST0546,21,Male,Pune,73238,80,56,Gold,Books,2025-11-17
CUST0547,32,Female,Jaipur,163291,95,39,Silver,Sports,2026-03-24
CUST0548,36,Female,Bengaluru,198954,10,12,Platinum,Sports,2025-10-11
CUST0549,25,Female,Mumbai,132330,36,36,Silver,Fashion,2025-09-05
CUST0550,34,Male,Nagpur,142245,91,60,Silver,Fashion,2026-01-17
CUST0551,56,Male,Jaipur,193510,39,32,Gold,Beauty,2025-12-30
CUST0552,22,Female,Ahmedabad,77661,24,34,Silver,Beauty,2026-04-11
CUST0553,44,Female,Delhi,111593,29,57,Silver,Groceries,2026-01-13
CUST0554,41,Female,Hyderabad,182078,68,31,Platinum,Books,2025-08-03
CUST0555,18,Male,Nagpur,136828,31,58,Gold,Beauty,2026-02-27
CUST0556,20,Female,Chennai,49720,50,17,Gold,Groceries,2026-06-19
CUST0557,51,Female,Ahmedabad,153361,58,32,Silver,Sports,2026-03-25
CUST0558,38,Male,Delhi,63881,99,35,Gold,Sports,2026-05-29
CUST0559,31,Male,Chennai,47243,27,35,Gold,Sports,2025-11-21
CUST0560,59,Male,Bengaluru,26226,59,46,Silver,Electronics,2026-05-25
CUST0561,21,Male,Pune,166298,10,37,Gold,Groceries,2025-12-05
CUST0562,42,Female,Chennai,133514,41,2,Silver,Electronics,2025-10-01
CUST0563,18,Male,Jaipur,31931,90,55,Silver,Beauty,2026-05-08
CUST0564,36,Female,Jaipur,42676,37,49,Platinum,Home,2025-12-11
CUST0565,60,Male,Kolkata,60979,69,15,Silver,Home,2025-09-25
CUST0566,36,Male,Pune,197547,94,42,Silver,Electronics,2025-09-21
CUST0567,53,Male,Delhi,30950,1,37,Gold,Beauty,2025-09-24
CUST0568,23,Female,Hyderabad,110138,28,27,Platinum,Books,2025-10-12
CUST0569,27,Male,Bengaluru,77878,79,54,Silver,Electronics,2026-03-31
CUST0570,60,Male,Ahmedabad,140917,83,36,Silver,Sports,2026-05-28
CUST0571,34,Male,Hyderabad,172199,63,22,Silver,Sports,2025-07-31
CUST0572,33,Male,Pune,182402,9,58,Silver,Home,2025-11-13
CUST0573,39,Female,Jaipur,59949,73,37,Silver,Groceries,2025-11-24
CUST0574,28,Male,Nagpur,84533,29,46,Gold,Home,2026-02-10
CUST0575,41,Male,Nagpur,145817,60,29,Silver,Groceries,2025-10-25
CUST0576,53,Male,Bengaluru,189227,78,6,Gold,Books,2026-04-21
CUST0577,52,Male,Pune,184264,10,47,Silver,Electronics,2025-10-15
CUST0578,58,Male,Jaipur,171755,52,50,Gold,Electronics,2025-09-22
CUST0579,34,Female,Bengaluru,115897,51,15,Platinum,Beauty,2026-02-03
CUST0580,26,Female,Ahmedabad,153801,12,26,Silver,Electronics,2025-07-27
CUST0581,33,Male,Ahmedabad,56797,58,11,Silver,Beauty,2025-07-29
CUST0582,27,Female,Nagpur,30595,29,49,Silver,Electronics,2026-02-16
CUST0583,41,Male,Mumbai,195265,27,34,Platinum,Groceries,2025-12-15
CUST0584,48,Female,Mumbai,30460,84,21,Silver,Beauty,2025-08-11
CUST0585,35,Female,Jaipur,162698,73,12,Silver,Home,2025-12-26
CUST0586,55,Male,Ahmedabad,85951,49,59,Silver,Home,2026-01-02
CUST0587,40,Female,Kolkata,178390,1,33,Platinum,Home,2026-04-08
CUST0588,32,Male,Ahmedabad,188683,36,14,Silver,Fashion,2025-12-28
CUST0589,56,Male,Hyderabad,128688,43,47,Silver,Sports,2025-10-29
CUST0590,48,Male,Jaipur,62269,83,54,Silver,Fashion,2026-06-09
CUST0591,26,Male,Bengaluru,185030,66,3,Platinum,Fashion,2026-06-03
CUST0592,28,Female,Bengaluru,155434,52,39,Platinum,Sports,2026-06-22
CUST0593,64,Female,Delhi,76778,58,39,Platinum,Books,2025-10-28
CUST0594,28,Male,Chennai,177506,19,51,Gold,Books,2026-03-30
CUST0595,57,Female,Bengaluru,199723,44,60,Silver,Beauty,2026-05-27
CUST0596,32,Female,Chennai,54658,14,2,Silver,Books,2025-10-16
CUST0597,61,Female,Bengaluru,178731,13,12,Silver,Beauty,2025-08-28
CUST0598,20,Male,Delhi,146416,85,9,Platinum,Beauty,2026-07-01
CUST0599,61,Female,Ahmedabad,130279,48,56,Silver,Beauty,2025-11-24
CUST0600,32,Female,Chennai,111886,76,52,Gold,Books,2025-07-10
CUST0601,54,Male,Chennai,55096,33,31,Gold,Books,2026-05-20
CUST0602,36,Female,Pune,69550,1,46,Gold,Electronics,2025-09-09
CUST0603,51,Male,Ahmedabad,21885,49,42,Silver,Books,2026-01-21
CUST0604,44,Female,Delhi,60574,55,42,Gold,Groceries,2025-09-30
CUST0605,45,Female,Jaipur,92236,88,26,Gold,Home,2025-09-22
CUST0606,53,Female,Bengaluru,117049,72,36,Silver,Groceries,2025-09-09
CUST0607,40,Female,Bengaluru,192827,16,48,Silver,Books,2025-07-08
CUST0608,28,Male,Hyderabad,153259,52,51,Silver,Beauty,2025-08-21
CUST0609,62,Male,Bengaluru,122001,82,1,Gold,Books,2026-04-18
CUST0610,48,Female,Delhi,36798,34,15,Silver,Beauty,2026-06-12
CUST0611,64,Female,Chennai,180947,84,34,Silver,Beauty,2026-06-02
CUST0612,29,Female,Kolkata,22807,26,55,Gold,Books,2025-10-09
CUST0613,36,Male,Mumbai,177159,66,34,Gold,Beauty,2026-04-06
CUST0614,61,Male,Nagpur,82719,84,1,Platinum,Electronics,2026-02-10
CUST0615,43,Female,Chennai,126286,76,13,Gold,Sports,2025-07-06
CUST0616,22,Male,Ahmedabad,94578,93,54,Gold,Beauty,2026-01-04
CUST0617,40,Female,Hyderabad,178954,25,30,Platinum,Beauty,2026-06-29
CUST0618,34,Male,Chennai,152707,14,36,Silver,Groceries,2026-01-08
CUST0619,25,Female,Ahmedabad,170704,33,45,Silver,Home,2025-09-16
CUST0620,48,Male,Nagpur,140284,88,30,Platinum,Books,2026-06-17
CUST0621,48,Male,Pune,37708,49,41,Gold,Fashion,2025-07-20
CUST0622,62,Male,Nagpur,128114,46,34,Gold,Sports,2026-02-17
CUST0623,33,Female,Delhi,124577,87,48,Gold,Electronics,2025-09-21
CUST0624,29,Female,Nagpur,112677,28,58,Gold,Fashion,2025-07-17
CUST0625,30,Female,Hyderabad,81567,95,16,Platinum,Fashion,2026-03-06
CUST0626,30,Male,Jaipur,113330,20,50,Silver,Electronics,2025-07-20
CUST0627,60,Female,Jaipur,21736,98,55,Gold,Electronics,2025-10-28
CUST0628,41,Female,Kolkata,170606,36,32,Silver,Books,2025-10-13
CUST0629,35,Female,Hyderabad,171169,17,4,Gold,Home,2025-10-30
CUST0630,52,Male,Ahmedabad,111039,51,56,Gold,Fashion,2025-11-09
CUST0631,25,Female,Nagpur,22206,2,44,Silver,Beauty,2026-05-11
CUST0632,38,Female,Jaipur,88078,24,36,Silver,Groceries,2025-11-02
CUST0633,57,Female,Nagpur,68211,64,28,Silver,Sports,2025-12-23
CUST0634,41,Female,Pune,138155,24,37,Silver,Beauty,2025-07-15
CUST0635,32,Male,Pune,81814,72,28,Platinum,Fashion,2026-04-18
CUST0636,65,Male,Kolkata,22553,23,27,Silver,Books,2025-08-13
CUST0637,51,Female,Kolkata,98652,33,36,Platinum,Electronics,2025-12-10
CUST0638,24,Male,Mumbai,76483,33,31,Gold,Electronics,2025-11-13
CUST0639,65,Female,Pune,114624,47,36,Gold,Books,2026-02-20
CUST0640,40,Male,Chennai,51781,45,56,Gold,Beauty,2026-03-22
CUST0641,54,Male,Pune,113089,42,44,Gold,Books,2025-11-15
CUST0642,23,Female,Jaipur,95110,60,41,Platinum,Books,2026-04-07
CUST0643,58,Female,Chennai,185484,79,37,Silver,Electronics,2026-05-22
CUST0644,28,Female,Hyderabad,102177,41,42,Silver,Groceries,2025-08-26
CUST0645,59,Female,Pune,136627,100,56,Platinum,Sports,2025-09-04
CUST0646,51,Female,Chennai,63861,24,55,Silver,Sports,2026-03-03
CUST0647,60,Female,Delhi,75200,22,26,Silver,Electronics,2025-11-01
CUST0648,53,Male,Mumbai,124074,68,49,Platinum,Electronics,2026-02-17
CUST0649,57,Male,Delhi,191660,50,20,Silver,Sports,2026-02-06
CUST0650,46,Male,Bengaluru,158082,22,2,Silver,Groceries,2026-01-16
CUST0651,48,Female,Ahmedabad,91411,71,29,Silver,Sports,2025-09-28
CUST0652,29,Female,Jaipur,134026,68,41,Gold,Groceries,2026-01-05
CUST0653,48,Male,Delhi,135831,40,24,Silver,Fashion,2026-01-27
CUST0654,18,Male,Ahmedabad,55730,45,19,Silver,Electronics,2025-07-14
CUST0655,49,Female,Pune,22394,99,28,Gold,Beauty,2026-03-05
CUST0656,18,Female,Hyderabad,127934,72,28,Silver,Fashion,2025-08-05
CUST0657,42,Female,Hyderabad,88938,11,28,Gold,Beauty,2025-08-22
CUST0658,62,Female,Pune,189989,96,35,Gold,Home,2026-03-27
CUST0659,22,Male,Bengaluru,95915,15,41,Silver,Home,2026-02-12
CUST0660,62,Female,Hyderabad,104054,3,10,Silver,Beauty,2026-06-20
CUST0661,29,Male,Pune,90567,17,46,Silver,Electronics,2026-03-04
CUST0662,23,Male,Mumbai,149388,28,22,Silver,Books,2025-10-19
CUST0663,41,Female,Mumbai,106572,11,54,Gold,Fashion,2026-06-03
CUST0664,35,Female,Delhi,162394,61,12,Silver,Books,2026-02-23
CUST0665,42,Male,Delhi,85263,50,50,Platinum,Fashion,2026-06-14
CUST0666,30,Female,Delhi,156613,86,14,Silver,Sports,2026-01-23
CUST0667,38,Male,Mumbai,164069,67,8,Silver,Sports,2026-01-30
CUST0668,30,Female,Mumbai,194770,28,8,Silver,Home,2026-01-16
CUST0669,18,Male,Pune,173274,16,26,Gold,Electronics,2026-06-10
CUST0670,55,Female,Jaipur,60630,48,50,Silver,Fashion,2025-10-19
CUST0671,23,Female,Mumbai,35669,46,42,Silver,Beauty,2026-05-08
CUST0672,26,Female,Hyderabad,103031,72,51,Gold,Groceries,2025-11-19
CUST0673,64,Male,Mumbai,119029,46,47,Silver,Electronics,2025-10-26
CUST0674,63,Female,Ahmedabad,97257,70,45,Silver,Beauty,2026-03-28
CUST0675,52,Female,Nagpur,142786,36,56,Gold,Books,2025-09-21
CUST0676,28,Male,Ahmedabad,60638,58,19,Gold,Beauty,2025-12-26
CUST0677,47,Male,Ahmedabad,119363,94,12,Platinum,Beauty,2025-12-27
CUST0678,57,Male,Nagpur,36604,85,35,Gold,Fashion,2025-10-06
CUST0679,61,Female,Ahmedabad,60404,79,19,Silver,Sports,2026-01-18
CUST0680,25,Male,Ahmedabad,192724,9,3,Gold,Fashion,2026-04-01
CUST0681,20,Male,Delhi,147236,25,7,Silver,Sports,2025-12-15
CUST0682,60,Female,Ahmedabad,183570,90,38,Silver,Groceries,2026-03-10
CUST0683,56,Male,Mumbai,74719,84,32,Platinum,Books,2026-05-22
CUST0684,47,Male,Nagpur,166281,96,57,Silver,Groceries,2025-07-04
CUST0685,21,Female,Ahmedabad,30656,94,5,Gold,Electronics,2026-03-13
CUST0686,51,Male,Delhi,80559,69,25,Silver,Beauty,2025-07-30
CUST0687,33,Male,Ahmedabad,166313,54,48,Silver,Sports,2025-09-09
CUST0688,40,Female,Chennai,47289,22,51,Silver,Home,2025-10-16
CUST0689,39,Male,Ahmedabad,177264,57,60,Silver,Groceries,2025-09-23
CUST0690,38,Female,Chennai,186000,56,53,Gold,Beauty,2026-02-28
CUST0691,54,Male,Chennai,164241,96,17,Silver,Home,2025-11-14
CUST0692,43,Male,Mumbai,94575,77,2,Gold,Groceries,2026-06-28
CUST0693,37,Male,Hyderabad,102550,3,50,Gold,Sports,2026-02-10
CUST0694,53,Male,Delhi,29892,59,23,Silver,Groceries,2025-12-26
CUST0695,55,Male,Hyderabad,87172,39,6,Gold,Beauty,2026-03-12
CUST0696,64,Male,Nagpur,146493,23,32,Gold,Sports,2025-07-07
CUST0697,54,Male,Jaipur,188363,39,3,Gold,Beauty,2025-12-18
CUST0698,23,Male,Nagpur,111207,56,27,Platinum,Electronics,2026-03-07
CUST0699,65,Male,Chennai,34189,40,34,Silver,Beauty,2025-09-15
CUST0700,27,Female,Ahmedabad,77880,20,4,Gold,Home,2025-11-15
CUST0701,56,Male,Hyderabad,133229,38,51,Silver,Fashion,2026-01-10
CUST0702,23,Female,Jaipur,32926,71,26,Silver,Home,2025-10-18
CUST0703,45,Male,Bengaluru,146070,72,13,Silver,Sports,2025-09-12
CUST0704,30,Male,Hyderabad,38781,35,50,Silver,Sports,2025-09-10
CUST0705,23,Male,Chennai,131028,47,23,Silver,Groceries,2025-08-31
CUST0706,59,Male,Pune,64369,45,40,Gold,Books,2025-11-17
CUST0707,57,Male,Kolkata,31764,30,13,Gold,Fashion,2026-05-19
CUST0708,25,Male,Hyderabad,182792,19,56,Gold,Groceries,2026-06-24
CUST0709,39,Male,Pune,137980,61,2,Silver,Sports,2025-09-29
CUST0710,31,Male,Ahmedabad,157171,97,17,Gold,Beauty,2026-04-20
CUST0711,62,Male,Chennai,172831,85,34,Silver,Fashion,2026-06-01
CUST0712,36,Male,Jaipur,91114,7,30,Gold,Electronics,2026-05-28
CUST0713,42,Female,Nagpur,48283,3,19,Platinum,Sports,2025-12-16
CUST0714,32,Female,Ahmedabad,46110,41,32,Platinum,Beauty,2026-05-17
CUST0715,29,Male,Ahmedabad,140058,72,60,Gold,Electronics,2026-02-25
CUST0716,51,Female,Nagpur,148432,51,48,Silver,Groceries,2025-07-16
CUST0717,40,Female,Pune,81919,65,18,Gold,Sports,2026-02-20
CUST0718,42,Male,Ahmedabad,93451,29,10,Silver,Home,2025-07-30
CUST0719,26,Male,Chennai,156503,87,40,Platinum,Sports,2026-03-07
CUST0720,44,Male,Jaipur,60042,55,20,Platinum,Groceries,2025-11-14
CUST0721,52,Male,Hyderabad,191041,18,38,Gold,Books,2026-03-20
CUST0722,26,Female,Ahmedabad,55455,56,59,Platinum,Fashion,2025-07-31
CUST0723,54,Male,Nagpur,37777,72,35,Platinum,Electronics,2026-03-29
CUST0724,38,Male,Mumbai,103542,53,27,Silver,Sports,2025-08-09
CUST0725,65,Female,Bengaluru,69265,14,9,Silver,Books,2025-08-22
CUST0726,57,Female,Jaipur,168646,79,15,Gold,Fashion,2025-07-15
CUST0727,19,Female,Delhi,144938,18,33,Gold,Home,2025-07-02
CUST0728,59,Female,Bengaluru,121570,63,31,Silver,Fashion,2026-03-08
CUST0729,20,Female,Mumbai,90741,53,15,Gold,Fashion,2026-03-19
CUST0730,22,Male,Kolkata,181758,63,45,Silver,Home,2026-02-25
CUST0731,45,Female,Mumbai,179365,95,53,Silver,Groceries,2025-12-12
CUST0732,57,Male,Ahmedabad,48656,58,30,Gold,Electronics,2026-02-26
CUST0733,51,Female,Mumbai,166197,50,34,Gold,Electronics,2026-03-26
CUST0734,36,Female,Chennai,99837,100,53,Silver,Fashion,2025-11-27
CUST0735,36,Male,Ahmedabad,57287,60,54,Gold,Electronics,2025-10-18
CUST0736,25,Male,Jaipur,163237,18,26,Silver,Home,2026-06-19
CUST0737,29,Female,Jaipur,72935,59,6,Silver,Sports,2025-08-03
CUST0738,63,Male,Delhi,43905,15,46,Silver,Groceries,2026-05-19
CUST0739,51,Female,Ahmedabad,180451,21,25,Gold,Electronics,2026-04-05
CUST0740,39,Male,Bengaluru,57907,23,50,Gold,Home,2026-01-25
CUST0741,37,Female,Pune,184220,24,8,Platinum,Fashion,2026-06-30
CUST0742,57,Female,Mumbai,140230,64,55,Silver,Books,2026-06-29
CUST0743,56,Female,Hyderabad,76852,76,43,Silver,Home,2025-11-17
CUST0744,23,Male,Hyderabad,163482,36,40,Gold,Books,2026-03-17
CUST0745,21,Male,Bengaluru,34434,84,23,Silver,Books,2026-06-15
CUST0746,60,Female,Nagpur,42990,7,7,Silver,Fashion,2026-04-10
CUST0747,61,Female,Jaipur,193257,89,45,Gold,Books,2025-09-17
CUST0748,29,Female,Jaipur,114421,5,6,Gold,Groceries,2025-12-25
CUST0749,42,Male,Chennai,164302,9,19,Silver,Electronics,2025-07-11
CUST0750,35,Female,Ahmedabad,128464,68,14,Gold,Beauty,2026-06-02
CUST0751,24,Male,Kolkata,178538,91,19,Silver,Books,2026-01-20
CUST0752,34,Female,Bengaluru,181032,73,32,Gold,Sports,2025-10-20
CUST0753,49,Male,Jaipur,81006,91,19,Platinum,Electronics,2026-05-02
CUST0754,19,Female,Delhi,74350,79,27,Silver,Groceries,2026-01-03
CUST0755,53,Male,Mumbai,187934,26,45,Silver,Books,2026-05-28
CUST0756,37,Female,Ahmedabad,164177,42,50,Silver,Sports,2026-01-12
CUST0757,39,Female,Jaipur,181478,4,54,Silver,Groceries,2026-01-09
CUST0758,61,Female,Kolkata,29321,83,9,Silver,Sports,2025-11-08
CUST0759,52,Female,Kolkata,128515,96,4,Gold,Groceries,2025-09-15
CUST0760,64,Female,Ahmedabad,160479,3,14,Gold,Groceries,2026-01-01
CUST0761,22,Male,Pune,28171,44,25,Gold,Books,2026-04-08
CUST0762,54,Female,Bengaluru,176025,15,56,Gold,Groceries,2025-07-05
CUST0763,38,Male,Pune,128493,12,32,Platinum,Groceries,2025-11-12
CUST0764,37,Male,Ahmedabad,99250,23,8,Silver,Electronics,2026-03-20
CUST0765,23,Female,Ahmedabad,26536,62,58,Gold,Fashion,2026-01-08
CUST0766,48,Female,Nagpur,57563,99,56,Silver,Beauty,2025-07-20
CUST0767,26,Male,Mumbai,140420,50,46,Platinum,Electronics,2026-06-29
CUST0768,37,Male,Jaipur,42826,43,30,Platinum,Electronics,2025-10-08
CUST0769,60,Female,Mumbai,171403,98,20,Gold,Fashion,2026-01-18
CUST0770,30,Male,Pune,92522,69,21,Gold,Sports,2026-05-02
CUST0771,35,Male,Bengaluru,91732,15,1,Platinum,Beauty,2025-10-11
CUST0772,24,Male,Ahmedabad,111833,71,21,Silver,Sports,2026-02-06
CUST0773,54,Male,Bengaluru,38675,40,40,Platinum,Beauty,2025-11-16
CUST0774,21,Male,Mumbai,143400,87,4,Silver,Electronics,2026-05-18
CUST0775,45,Female,Bengaluru,176269,76,41,Gold,Sports,2025-11-15
CUST0776,57,Female,Pune,107118,26,46,Gold,Books,2025-10-01
CUST0777,23,Female,Jaipur,54549,12,53,Gold,Sports,2025-11-04
CUST0778,24,Female,Pune,199431,83,46,Gold,Home,2026-03-05
CUST0779,32,Male,Jaipur,87646,47,26,Silver,Sports,2026-01-13
CUST0780,38,Female,Kolkata,27933,9,31,Silver,Home,2025-11-07
CUST0781,28,Female,Nagpur,178450,74,9,Gold,Home,2025-07-01
CUST0782,24,Female,Ahmedabad,190249,10,51,Silver,Home,2025-12-08
CUST0783,55,Female,Hyderabad,182758,32,36,Silver,Home,2025-12-17
CUST0784,22,Female,Hyderabad,174919,56,51,Platinum,Beauty,2026-01-07
CUST0785,52,Male,Bengaluru,193699,86,5,Gold,Sports,2025-09-11
CUST0786,49,Male,Jaipur,176257,60,21,Gold,Books,2025-11-16
CUST0787,29,Female,Chennai,38247,77,7,Gold,Beauty,2025-12-19
CUST0788,38,Female,Mumbai,43732,28,53,Silver,Beauty,2025-08-10
CUST0789,18,Male,Bengaluru,138744,69,19,Silver,Beauty,2025-11-15
CUST0790,30,Male,Nagpur,98573,73,51,Platinum,Groceries,2025-11-21
CUST0791,63,Female,Delhi,172758,2,40,Platinum,Home,2026-04-27
CUST0792,36,Male,Nagpur,163886,7,1,Gold,Books,2025-12-30
CUST0793,25,Female,Mumbai,81667,56,45,Gold,Sports,2026-01-20
CUST0794,63,Female,Chennai,120024,56,35,Silver,Fashion,2025-10-31
CUST0795,26,Male,Ahmedabad,120819,47,54,Silver,Groceries,2025-07-23
CUST0796,26,Male,Mumbai,38807,83,2,Silver,Home,2025-07-30
CUST0797,45,Male,Delhi,55971,83,52,Silver,Home,2025-07-10
CUST0798,56,Female,Jaipur,67132,59,33,Silver,Books,2025-11-13
CUST0799,42,Female,Hyderabad,68704,55,39,Silver,Home,2026-03-02
CUST0800,63,Female,Chennai,163174,74,24,Silver,Electronics,2025-09-14
CUST0801,48,Female,Delhi,172113,62,45,Silver,Sports,2025-10-05
CUST0802,35,Female,Ahmedabad,40508,67,57,Gold,Fashion,2025-11-02
CUST0803,58,Male,Ahmedabad,171946,40,40,Silver,Groceries,2025-10-01
CUST0804,18,Female,Kolkata,154391,61,37,Gold,Home,2026-01-02
CUST0805,36,Female,Bengaluru,29260,89,60,Gold,Groceries,2025-09-16
CUST0806,34,Male,Kolkata,171556,22,37,Silver,Groceries,2025-08-16
CUST0807,19,Female,Kolkata,41629,17,33,Silver,Books,2026-02-09
CUST0808,34,Male,Jaipur,93655,36,55,Silver,Sports,2026-05-05
CUST0809,56,Male,Jaipur,59619,85,29,Silver,Fashion,2026-02-18
CUST0810,62,Male,Kolkata,67398,68,56,Silver,Electronics,2026-04-18
CUST0811,56,Male,Kolkata,128251,99,25,Silver,Home,2025-08-09
CUST0812,28,Male,Jaipur,110459,7,42,Silver,Books,2026-05-03
CUST0813,21,Male,Kolkata,124528,61,20,Silver,Books,2025-10-02
CUST0814,32,Female,Chennai,144410,34,10,Gold,Home,2026-06-25
CUST0815,36,Female,Chennai,197862,41,34,Gold,Electronics,2026-05-13
CUST0816,52,Female,Chennai,180035,84,55,Silver,Groceries,2026-02-15
CUST0817,24,Female,Jaipur,122538,60,50,Gold,Fashion,2025-07-22
CUST0818,55,Male,Ahmedabad,108449,87,45,Platinum,Groceries,2025-09-24
CUST0819,18,Male,Delhi,23135,53,7,Gold,Sports,2025-11-15
CUST0820,40,Male,Pune,86033,25,3,Silver,Electronics,2026-06-02
CUST0821,56,Male,Jaipur,187269,16,46,Platinum,Electronics,2025-08-26
CUST0822,26,Female,Jaipur,68435,15,45,Silver,Groceries,2025-11-04
CUST0823,60,Male,Kolkata,92452,99,28,Gold,Sports,2026-01-17
CUST0824,34,Male,Delhi,92689,100,4,Silver,Groceries,2026-06-01
CUST0825,34,Female,Bengaluru,135494,9,32,Platinum,Fashion,2025-08-23
CUST0826,43,Male,Kolkata,48424,19,35,Gold,Fashion,2025-08-21
CUST0827,59,Male,Kolkata,87894,14,3,Silver,Beauty,2026-02-23
CUST0828,46,Male,Kolkata,59021,84,41,Silver,Electronics,2025-07-26
CUST0829,42,Female,Bengaluru,106463,51,37,Silver,Sports,2025-10-23
CUST0830,48,Female,Chennai,38376,70,15,Silver,Sports,2025-10-28
CUST0831,25,Female,Nagpur,198739,39,26,Silver,Sports,2026-05-16
CUST0832,41,Female,Delhi,140491,98,50,Silver,Fashion,2026-04-02
CUST0833,53,Male,Chennai,193207,25,20,Gold,Electronics,2025-08-13
CUST0834,62,Female,Kolkata,42246,81,29,Gold,Fashion,2026-06-13
CUST0835,30,Male,Jaipur,82517,63,25,Silver,Beauty,2025-08-06
CUST0836,37,Female,Ahmedabad,137783,3,3,Silver,Groceries,2026-06-10
CUST0837,43,Male,Hyderabad,191402,86,34,Silver,Sports,2025-09-30
CUST0838,27,Male,Delhi,29667,95,10,Silver,Electronics,2025-11-02
CUST0839,57,Male,Hyderabad,190075,17,1,Silver,Electronics,2026-01-25
CUST0840,24,Female,Jaipur,64745,76,5,Gold,Electronics,2026-05-04
CUST0841,49,Male,Delhi,73121,55,22,Gold,Sports,2025-07-19
CUST0842,43,Female,Delhi,199329,74,35,Silver,Books,2026-03-14
CUST0843,20,Male,Nagpur,36573,16,18,Silver,Home,2026-04-06
CUST0844,62,Female,Ahmedabad,63255,57,16,Platinum,Electronics,2026-04-24
CUST0845,24,Female,Bengaluru,24097,63,6,Silver,Fashion,2026-05-17
CUST0846,63,Female,Chennai,144783,89,9,Silver,Sports,2026-02-13
CUST0847,51,Female,Chennai,82718,23,40,Gold,Beauty,2026-03-31
CUST0848,63,Female,Jaipur,43074,81,53,Gold,Groceries,2025-11-29
CUST0849,18,Male,Hyderabad,50803,68,7,Gold,Books,2025-09-28
CUST0850,50,Male,Kolkata,184223,85,14,Silver,Fashion,2026-05-05
CUST0851,27,Female,Kolkata,66222,21,43,Platinum,Electronics,2025-08-05
CUST0852,41,Female,Hyderabad,133946,33,22,Gold,Books,2025-11-11
CUST0853,20,Male,Mumbai,160865,23,11,Gold,Home,2025-10-11
CUST0854,25,Male,Hyderabad,136607,76,38,Silver,Fashion,2025-07-20
CUST0855,38,Male,Delhi,105493,30,7,Silver,Home,2026-03-21
CUST0856,42,Male,Delhi,143467,75,32,Silver,Home,2026-04-18
CUST0857,31,Female,Bengaluru,121536,48,9,Silver,Fashion,2025-08-12
CUST0858,40,Female,Hyderabad,108051,17,3,Gold,Electronics,2026-02-08
CUST0859,26,Male,Kolkata,140213,54,11,Gold,Fashion,2026-01-31
CUST0860,56,Male,Jaipur,64547,74,36,Platinum,Electronics,2025-12-03
CUST0861,51,Female,Hyderabad,175079,61,54,Silver,Electronics,2025-11-24
CUST0862,65,Male,Hyderabad,105798,56,38,Silver,Beauty,2026-04-16
CUST0863,54,Male,Chennai,31593,6,31,Gold,Beauty,2026-06-14
CUST0864,45,Female,Kolkata,45689,58,32,Silver,Beauty,2026-06-25
CUST0865,62,Female,Hyderabad,54789,46,19,Silver,Electronics,2026-06-23
CUST0866,48,Female,Bengaluru,140398,74,48,Gold,Home,2025-11-06
CUST0867,26,Female,Bengaluru,117103,81,30,Gold,Electronics,2025-08-14
CUST0868,22,Female,Nagpur,159177,5,19,Silver,Groceries,2025-07-09
CUST0869,57,Male,Delhi,182648,43,48,Platinum,Beauty,2025-07-21
CUST0870,41,Male,Delhi,120389,47,30,Gold,Groceries,2025-12-26
CUST0871,29,Male,Ahmedabad,73664,18,22,Silver,Electronics,2025-08-03
CUST0872,48,Male,Hyderabad,104007,46,58,Silver,Sports,2025-11-27
CUST0873,35,Male,Delhi,117730,45,29,Silver,Beauty,2026-04-30
CUST0874,48,Female,Kolkata,182778,48,52,Gold,Sports,2026-05-29
CUST0875,30,Female,Delhi,41016,51,58,Silver,Electronics,2026-05-07
CUST0876,28,Female,Delhi,58785,64,10,Platinum,Beauty,2025-08-14
CUST0877,19,Female,Chennai,198887,70,60,Silver,Groceries,2025-11-28
CUST0878,46,Male,Pune,69561,9,2,Platinum,Fashion,2025-10-08
CUST0879,59,Female,Chennai,171703,44,42,Gold,Groceries,2025-10-26
CUST0880,55,Female,Kolkata,99713,73,9,Platinum,Groceries,2026-04-05
CUST0881,34,Male,Kolkata,117491,37,50,Gold,Fashion,2026-01-02
CUST0882,36,Female,Bengaluru,182170,21,46,Gold,Fashion,2026-04-03
CUST0883,63,Male,Bengaluru,82365,15,3,Platinum,Beauty,2026-04-28
CUST0884,46,Female,Nagpur,68364,27,36,Gold,Sports,2026-01-20
CUST0885,40,Male,Nagpur,137552,70,11,Gold,Electronics,2026-06-19
CUST0886,43,Female,Bengaluru,140072,41,10,Silver,Sports,2025-09-25
CUST0887,50,Female,Pune,144232,38,49,Platinum,Beauty,2025-07-25
CUST0888,27,Female,Nagpur,49442,94,31,Platinum,Fashion,2025-07-19
CUST0889,53,Male,Pune,26500,52,40,Gold,Home,2025-12-31
CUST0890,23,Female,Mumbai,179423,83,13,Gold,Fashion,2026-02-09
CUST0891,30,Male,Delhi,161141,58,44,Gold,Electronics,2025-10-12
CUST0892,43,Male,Kolkata,103298,78,39,Gold,Electronics,2025-07-25
CUST0893,41,Female,Bengaluru,132103,48,25,Silver,Groceries,2026-01-06
CUST0894,40,Female,Kolkata,167071,12,14,Gold,Home,2025-12-01
CUST0895,46,Female,Bengaluru,131105,94,58,Silver,Books,2025-09-04
CUST0896,56,Male,Bengaluru,74469,39,31,Platinum,Beauty,2026-01-11
CUST0897,22,Female,Delhi,21735,53,41,Platinum,Home,2026-04-03
CUST0898,53,Female,Jaipur,55894,26,12,Gold,Groceries,2025-09-21
CUST0899,49,Male,Pune,173408,39,32,Gold,Home,2026-03-09
CUST0900,19,Male,Bengaluru,88859,39,41,Gold,Home,2026-04-29
CUST0901,59,Female,Chennai,67021,63,59,Gold,Fashion,2026-06-17
CUST0902,25,Female,Kolkata,37491,77,48,Silver,Home,2025-09-15
CUST0903,45,Female,Kolkata,51348,48,33,Gold,Electronics,2026-02-19
CUST0904,28,Male,Bengaluru,103802,60,57,Gold,Groceries,2026-04-09
CUST0905,21,Female,Nagpur,129973,82,59,Platinum,Electronics,2026-02-03
CUST0906,36,Male,Ahmedabad,70807,99,41,Silver,Electronics,2025-08-29
CUST0907,28,Female,Nagpur,199560,39,18,Gold,Sports,2025-12-28
CUST0908,24,Female,Bengaluru,23381,18,34,Silver,Books,2025-10-26
CUST0909,44,Female,Bengaluru,46848,28,10,Gold,Books,2026-03-27
CUST0910,53,Male,Chennai,140715,10,8,Gold,Electronics,2025-10-29
CUST0911,40,Female,Nagpur,56441,57,57,Platinum,Beauty,2026-01-07
CUST0912,29,Female,Mumbai,51089,29,9,Platinum,Fashion,2025-07-14
CUST0913,32,Female,Bengaluru,75008,17,6,Silver,Books,2026-05-05
CUST0914,22,Male,Kolkata,133048,6,13,Silver,Books,2025-07-29
CUST0915,50,Male,Kolkata,51174,33,3,Silver,Sports,2026-06-26
CUST0916,24,Male,Jaipur,73844,76,58,Silver,Sports,2026-01-03
CUST0917,19,Male,Bengaluru,92712,75,23,Silver,Books,2025-10-18
CUST0918,64,Male,Ahmedabad,169483,9,7,Gold,Books,2026-06-24
CUST0919,51,Male,Hyderabad,93887,22,58,Gold,Electronics,2026-05-12
CUST0920,31,Female,Nagpur,174502,24,29,Gold,Electronics,2026-03-31
CUST0921,40,Female,Chennai,76170,66,15,Silver,Books,2026-01-22
CUST0922,25,Female,Delhi,156243,18,32,Gold,Sports,2026-02-04
CUST0923,53,Male,Delhi,106013,64,8,Silver,Home,2025-08-28
CUST0924,65,Female,Kolkata,79211,71,27,Silver,Books,2025-11-24
CUST0925,30,Male,Kolkata,198030,48,12,Silver,Sports,2025-10-23
CUST0926,61,Male,Chennai,134834,67,43,Gold,Electronics,2026-04-19
CUST0927,43,Female,Jaipur,46665,95,60,Platinum,Fashion,2026-05-29
CUST0928,41,Male,Nagpur,72497,77,55,Platinum,Electronics,2026-03-04
CUST0929,45,Female,Pune,172546,76,18,Gold,Books,2025-08-06
CUST0930,43,Female,Kolkata,194765,78,26,Platinum,Beauty,2026-02-09
CUST0931,27,Female,Delhi,52031,33,32,Silver,Sports,2026-04-24
CUST0932,19,Male,Mumbai,37885,64,44,Silver,Fashion,2025-12-18
CUST0933,56,Female,Bengaluru,99364,80,40,Silver,Electronics,2025-07-28
CUST0934,51,Female,Kolkata,72935,38,43,Silver,Beauty,2026-02-18
CUST0935,52,Female,Ahmedabad,163293,3,49,Silver,Home,2026-05-02
CUST0936,42,Female,Nagpur,118654,57,30,Silver,Fashion,2025-09-19
CUST0937,60,Female,Bengaluru,148838,56,9,Silver,Home,2025-10-25
CUST0938,25,Female,Ahmedabad,199666,70,37,Silver,Beauty,2026-04-12
CUST0939,50,Male,Chennai,89046,64,38,Platinum,Beauty,2025-07-20
CUST0940,40,Female,Nagpur,36101,4,38,Silver,Books,2025-12-26
CUST0941,40,Male,Nagpur,119765,13,28,Silver,Groceries,2025-12-03
CUST0942,40,Male,Hyderabad,84910,31,42,Silver,Electronics,2025-07-14
CUST0943,22,Female,Delhi,108498,22,2,Gold,Electronics,2025-11-08
CUST0944,60,Female,Jaipur,154941,54,18,Silver,Home,2025-09-03
CUST0945,19,Female,Chennai,169514,50,21,Gold,Books,2025-10-24
CUST0946,24,Male,Nagpur,150215,65,52,Gold,Groceries,2026-04-07
CUST0947,57,Female,Nagpur,134292,26,32,Gold,Books,2026-05-24
CUST0948,52,Male,Pune,89508,7,20,Platinum,Home,2026-03-08
CUST0949,57,Male,Jaipur,44833,76,22,Silver,Beauty,2025-10-03
CUST0950,48,Female,Hyderabad,111046,10,42,Gold,Beauty,2026-01-29
CUST0951,45,Female,Hyderabad,128609,52,17,Gold,Home,2025-07-23
CUST0952,53,Male,Mumbai,184585,91,34,Platinum,Beauty,2025-10-19
CUST0953,31,Female,Pune,187228,69,52,Gold,Books,2025-11-21
CUST0954,54,Male,Ahmedabad,72598,47,30,Silver,Fashion,2025-07-16
CUST0955,37,Female,Chennai,103533,9,41,Silver,Home,2026-02-15
CUST0956,36,Male,Pune,177609,31,26,Silver,Fashion,2026-03-25
CUST0957,19,Male,Pune,141676,63,36,Platinum,Home,2025-08-04
CUST0958,20,Male,Bengaluru,91489,18,2,Silver,Books,2026-02-09
CUST0959,60,Male,Mumbai,147360,3,4,Platinum,Electronics,2026-01-22
CUST0960,56,Female,Delhi,126694,47,43,Gold,Electronics,2025-12-10
CUST0961,64,Male,Hyderabad,49342,74,48,Gold,Electronics,2025-10-07
CUST0962,60,Female,Kolkata,43658,31,39,Silver,Books,2026-01-22
CUST0963,39,Female,Hyderabad,130852,28,10,Silver,Fashion,2026-02-11
CUST0964,46,Female,Pune,174528,8,32,Gold,Sports,2026-05-05
CUST0965,38,Female,Kolkata,198975,32,18,Platinum,Fashion,2025-12-28
CUST0966,48,Female,Pune,25524,83,58,Gold,Books,2025-07-27
CUST0967,21,Male,Pune,164894,50,20,Gold,Sports,2025-12-28
CUST0968,61,Male,Ahmedabad,81966,57,25,Silver,Home,2026-02-21
CUST0969,37,Male,Hyderabad,97967,27,56,Platinum,Home,2025-08-12
CUST0970,38,Female,Mumbai,91837,11,53,Gold,Home,2025-11-02
CUST0971,65,Female,Nagpur,130720,13,53,Silver,Groceries,2025-10-15
CUST0972,22,Female,Chennai,177841,94,53,Gold,Groceries,2025-11-11
CUST0973,62,Male,Mumbai,188132,83,12,Gold,Books,2025-08-07
CUST0974,26,Male,Chennai,72448,81,20,Silver,Electronics,2026-05-06
CUST0975,28,Male,Ahmedabad,190178,98,9,Gold,Sports,2025-12-03
CUST0976,38,Female,Kolkata,54998,34,12,Gold,Books,2026-01-15
CUST0977,36,Male,Delhi,128657,48,12,Silver,Home,2025-09-12
CUST0978,32,Male,Mumbai,166415,83,40,Gold,Electronics,2025-11-07
CUST0979,30,Female,Bengaluru,33050,52,40,Silver,Groceries,2026-04-16
CUST0980,23,Female,Bengaluru,168699,16,1,Gold,Home,2025-11-11
CUST0981,61,Female,Delhi,78847,92,14,Silver,Books,2026-02-15
CUST0982,36,Female,Chennai,54130,56,55,Silver,Fashion,2026-02-07
CUST0983,64,Male,Chennai,67282,53,51,Silver,Groceries,2026-02-17
CUST0984,33,Female,Hyderabad,116898,75,44,Gold,Electronics,2026-06-26
CUST0985,48,Male,Nagpur,124216,88,14,Gold,Sports,2025-11-27
CUST0986,65,Female,Delhi,44976,72,4,Silver,Fashion,2025-11-02
CUST0987,40,Male,Mumbai,86494,65,40,Silver,Home,2025-07-23
CUST0988,41,Male,Ahmedabad,30780,75,12,Silver,Beauty,2025-10-22
CUST0989,39,Female,Bengaluru,43500,41,46,Gold,Fashion,2026-02-18
CUST0990,25,Female,Mumbai,53520,64,56,Platinum,Groceries,2025-12-29
CUST0991,45,Female,Pune,180676,98,60,Silver,Groceries,2025-11-20
CUST0992,28,Female,Kolkata,59653,72,55,Platinum,Sports,2025-11-18
CUST0993,21,Male,Bengaluru,34304,30,12,Silver,Groceries,2026-04-09
CUST0994,63,Female,Chennai,50415,64,3,Silver,Sports,2025-09-17
CUST0995,49,Female,Kolkata,49488,93,56,Silver,Groceries,2026-05-15
CUST0996,31,Female,Bengaluru,64117,96,33,Gold,Beauty,2025-07-27
CUST0997,55,Male,Jaipur,21081,68,50,Gold,Home,2026-05-23
CUST0998,33,Female,Delhi,106155,4,19,Gold,Sports,2026-04-30
CUST0999,43,Female,Jaipur,47805,42,10,Silver,Home,2025-07-04
CUST1000,60,Female,Kolkata,184719,35,39,Gold,Groceries,2026-06-09
